Concentration,R2,MAE,RMSE
500500,0.006944963972078111,1.5123592172841145,2.4020059026389777
750500,0.006158060575420676,1.0272163469085362,1.589914956117204
